{
  "images" : [
    {
      "idiom" : "universal",
      "filename" : "Screen Shot 2018-07-26 at 12.28.01 PM.png",
      "scale" : "1x"
    },
    {
      "idiom" : "universal",
      "filename" : "Screen Shot 2018-07-26 at 12.28.01 PM-1.png",
      "scale" : "2x"
    },
    {
      "idiom" : "universal",
      "filename" : "Screen Shot 2018-07-26 at 12.28.01 PM-2.png",
      "scale" : "3x"
    }
  ],
  "info" : {
    "version" : 1,
    "author" : "xcode"
  },
  "properties" : {
    "template-rendering-intent" : "template"
  }
}